<?xml version="1.0" encoding="UTF-8"?>
<!DOCTYPE mapper PUBLIC "-//mybatis.org//DTD Mapper 3.0//EN" 
	"http://mybatis.org/dtd/mybatis-3-mapper.dtd">

<mapper namespace="com.trip.user.mapper.UserMapper">
	<resultMap type="userDto" id="user">
		<result column="user_no" property="userNo" />
		<result column="user_id" property="userId" />
		<result column="user_password" property="userPassword" />
		<result column="user_name" property="userName" />
		<result column="user_profile" property="userProfile" />
		<result column="user_nickname" property="userNickname" />
	</resultMap>
	
	<select id="refresh" parameterType="String" resultType="int">
		select
			user_no
		from
			user
		where
			token = #{refreshToken}
	</select>

	<select id="findPw" parameterType="userDto" resultMap ="user">
		select
			user_no
		from
			user
		where
			user_id = #{userId}
		and
			user_name = #{userName}
	</select>
	<select id="login" resultMap="user">
		select 
			user_no,
			user_id,
			user_name,
			user_profile,
			user_nickname
		from 
			user
		where 
			user_id = #{userId} 
			and
			user_password = #{userPassword}
	</select>
	
	<update id="saveRefreshToken" parameterType="map">
		update
			user
		set
			token = #{refreshToken}
		where
			user_no = #{userNo}
	</update>

	<insert id="signup" parameterType="userDto">
		insert into 
			user (user_id, user_password, user_name, user_profile, user_nickname)
		values 
			(#{userId}, #{userPassword}, #{userName}, #{userProfile} ,#{userNickname})
	</insert>
	
	<select id="check" parameterType="String" resultType="String">
		select
			user_id
		from
			user
		where
			user_id = #{userId}
	</select>
	
	<select id="info" resultMap="user">
		select 
			user_no,
			user_id,
			user_name,
			user_profile,
			user_nickname
		from 
			user
		where 
			user_no = #{userNo}
	</select>

	<update id="modify" parameterType="userDto">
		update 
			user
		set 
			user_password = #{userPassword}, 
			user_name = #{userName}, 
			user_profile = #{userProfile},
			user_nickname = #{userNickname}
		where 
			user_no = #{userNo}
	</update>

	<delete id="delete" parameterType="int">
		delete from 
			user
		where 
			user_no = #{userNo}
	</delete>
</mapper>